# Netlify Redirects for BizHealth.ai

# Handle www to non-www redirects
https://www.bizhealth.ai/* https://bizhealth.ai/:splat 301!

# Note: Specific trailing slash redirects removed - universal rule (/*/) handles all cases

# Fix soft 404s reported in Google Search Console
/faq /faqs 301!
/blog/e-commerce-scaling-smb-2025 /blog/e-commerce-scaling-5-strategies-for-smbs-thriving-in-2025 301!
/forgot-password /login 301!
/refund /concerns 301!
# Note: /security is a valid page - no redirect needed

# Fix noindex URL mismatches - Redirect hyphenated URLs to correct routes
/bizgrowth-academy/vision-playbook /bizgrowth/vision-playbook 301!
/biz-tools /biztools 301!
/biz-leader /bizleader 301!
/biz-growth /bizgrowth 301!
/biz-guides /bizguides 301!
/blog/smb-financial-trends-2025 /blog/2025-smb-financial-trends 301!
/blog/strategic-planning /blog/strategic-planning-post-pandemic 301!
/blog/talent-wars-hiring /blog/talent-wars-smb-hiring-2025 301!
/blog/solving-smb-workforce-gaps /blog/solving-smb-workforce-gaps-2025 301!
/blog/real-time-analytics-smb /blog/real-time-analytics-smb-agility 301!
/privacy-policy /privacy 301!

# Fix GSC "redirect errors" - trailing slash redirects
/biztools/ /biztools 301!
/blog/build-high-performing-team/ /blog/build-high-performing-team 301!
/blog/business-health-scores-by-stage/ /blog/business-health-scores-by-stage 301!
/blog/stress-test-pricing-framework-margins-cash-flow/ /blog/stress-test-pricing-framework-margins-cash-flow 301!
/bizgrowth/hr/human-resources-maturity-assessment/ /bizgrowth/hr/human-resources-maturity-assessment 301!
/bizgrowth/growth/business-intelligence-builder/ /bizgrowth/growth/business-intelligence-builder 301!
/blog/chasing-sales-not-profits/ /blog/chasing-sales-not-profits 301!
/blog/emotional-intelligence-leadership-skill/ /blog/emotional-intelligence-leadership-skill 301!
/blog/lean-principles-small-business/ /blog/lean-principles-small-business 301!
/bizgrowth/growth/retail/p3-placement-planogram/ /bizgrowth/growth/retail/p3-placement-planogram 301!
/blog/planograms-transform-small-retail-operations/ /blog/planograms-transform-small-retail-operations 301!
/blog/fractional-cfo-toolkit/ /blog/fractional-cfo-toolkit 301!
/blog/r2a2-job-descriptions-role-clarity-small-business-teams/ /blog/r2a2-job-descriptions-role-clarity-small-business-teams 301!

# Note: Universal trailing slash redirect (/*/  -> /:splat) has been REMOVED
# because it matches the root path / and breaks the Netlify Lighthouse plugin.
# Add individual trailing slash redirects above if needed for specific GSC errors.

# Serve static files directly (don't redirect to SPA)
# This prevents downloadable files from being served as index.html
/downloads/* /downloads/:splat 200!
/assets/* /assets/:splat 200!
/fonts/* /fonts/:splat 200!
/favicon/* /favicon/:splat 200!
/og-images/* /og-images/:splat 200!

# Serve files by extension directly (global fix for all locations)
/*.pdf //:splat.pdf 200!
/*.xlsx //:splat.xlsx 200!
/*.xls //:splat.xls 200!
/*.docx //:splat.docx 200!
/*.doc //:splat.doc 200!
/*.pptx //:splat.pptx 200!
/*.csv //:splat.csv 200!
/*.zip //:splat.zip 200!
/*.xml //:splat.xml 200!

# SPA fallback - serve pre-rendered HTML or fallback to index.html
/* /index.html 200
